,mwd_nom,mwd_nom_GDP,mwd_tips,mwd_tips_GDP,mwd_agg,mwd_agg_GDP,debt_nom,debt_nom_GDP,debt_tips,debt_tips_GDP,debt_agg,debt_agg_GDP,mat_nom,mat_tips,mat_agg
1999-01-31,33956169.698125,3.6078747346250095,3667332.1974340724,0.3896574700923884,37623501.89555907,3.997532204717398,5336555.775,0.5670140337295712,243728.2378521155,0.025896352835987804,5580284.012852116,0.5929103865655589,6.362937281982215,15.046808813590415,6.742219895780803
1999-02-28,34344836.05125,3.634487955335041,3647021.510946396,0.3859402832671275,37991857.5621964,4.020428238602168,5312105.41,0.5621451533879844,243728.2378521155,0.025792155290149,5555833.647852115,0.5879373086781334,6.465390537355696,14.96347548025708,6.8381920644589576
1999-03-31,34024311.703541666,3.5860815875236933,3626710.824458719,0.38224670124658233,37651022.528000385,3.9683282887702758,5316734.570625001,0.5603711873908196,243728.2378521155,0.025688376997501084,5560462.808477116,0.5860595643883206,6.39947532674026,14.880142146923745,6.771203014000941
1999-04-30,33774201.114322916,3.5453974995641473,6894510.553721167,0.7237411891739925,40668711.66804408,4.26913868873814,5271654.901875,0.5533842841880464,379426.68859597156,0.03982976321075981,5651081.590470972,0.5932140473988062,6.406754945645294,18.17086346570289,7.196624401357242
1999-05-31,33942615.18604167,3.5432980817223907,6862891.663004837,0.716423019596725,40805506.849046506,4.259721101319116,5264081.798125001,0.5495219161838913,379426.68859597156,0.03960867041291668,5643508.486720972,0.5891305865968081,6.447964998973154,18.087530132369558,7.230521039360674
1999-06-30,33616078.45911458,3.489731205928493,6831272.772288505,0.7091637948983045,40447351.23140308,4.198895000826798,5245531.195625,0.5445457871389711,379426.68859597156,0.03938880488888382,5624957.884220971,0.5839345920278549,6.408517499076519,18.004196799036222,7.190694057437346
1999-07-31,33336039.74697917,3.4414500721901753,6799653.881572174,0.701963086173884,40135693.62855134,4.143413158364059,5289374.929375,0.546049256921348,377902.6392307884,0.03901282440663953,5667277.568605789,0.5850620813279875,6.302453539801951,17.99313679156278,7.0820059795351
1999-08-31,34133809.44765625,3.498287801049826,6768161.994969608,0.6936518052237788,40901971.44262586,4.191939606273605,5355042.2631250005,0.5488247378870497,377902.6392307884,0.03873028572544441,5732944.902355789,0.5875550236124941,6.374143801385621,17.909803458229444,7.1345481492100795
1999-09-30,33804173.89447916,3.4394136535732946,6736670.108367043,0.6854240906067759,40540844.002846204,4.124837744180071,5290928.945625,0.5383268146848811,377902.6392307884,0.038449793245917234,5668831.584855788,0.5767766079307983,6.389081055876094,17.82647012489611,7.151534385172168
1999-10-31,33500228.561510418,3.383803706937768,6705178.221764477,0.6772791678368792,40205406.7832749,4.061082874774647,5308313.02875,0.5361840821858691,376601.7684045689,0.0380399332985698,5684914.797154568,0.5742240154844389,6.3108992216683655,17.804425747043652,7.072297161498117
1999-11-30,34349903.57369791,3.4577923510729662,6673794.741064097,0.6718096415837517,41023698.314762,4.129601992656718,5310557.116875,0.5345809410867481,376601.7684045689,0.0379101708799843,5687158.885279569,0.5724911119667324,6.468229757768075,17.72109241371032,7.213390577313784
1999-12-31,33999370.14729166,3.4108314115900042,6642411.260363715,0.6663695497121573,40641781.40765537,4.077200961302162,5292330.276875,0.5309288457601622,376601.7684045689,0.037780851109001236,5668932.045279569,0.5687096968691634,6.424272176635111,17.637759080376984,7.169213016320622
2000-01-31,33676437.289843746,3.3669100792781,6835361.965691113,0.6833872864793874,40511799.25553486,4.050297365757487,5208979.2,0.5207844410702908,400704.04903141066,0.04006167546405745,5609683.249031411,0.5608461165343482,6.46507424906664,17.05838007430591,7.221762345053935
2000-02-29,33673116.577343754,3.339472068655704,6801969.961605162,0.6745733988251877,40475086.538948916,4.014045467480892,5167713.114375,0.5124988524493272,400704.04903141066,0.03973911878527991,5568417.16340641,0.5522379712346072,6.516057651047893,16.975046740972576,7.26868791457226
2000-03-31,33381499.77614583,3.283896572220757,6768577.95751921,0.6658571395102437,40150077.73366504,3.9497537117310006,5191398.861875,0.5107025460768673,400704.04903141066,0.03941915917239701,5592102.910906411,0.5501217052492643,6.430155082341195,16.891713407639237,7.179781626579045
2000-04-30,33025330.894947913,3.2227003562692915,6735185.95343326,0.6572375078001025,39760516.84838118,3.879937864069394,5037643.87,0.49158679881964035,399379.2025835426,0.0389724936457615,5437023.072583543,0.5305592924654019,6.555709722082421,16.86413791670683,7.312920382640188
2000-05-31,32847189.18911458,3.1980056153906626,6701904.353217965,0.6524980762282361,39549093.542332545,3.850503691618899,4962471.92875,0.48314676190376393,399379.2025835426,0.03888359899469506,5361851.131333543,0.522030360898459,6.619118387111659,16.7808045833735,7.376014845174621
2000-06-30,32563734.04609375,3.163176823573173,6668622.75300267,0.6477768460948707,39232356.79909642,3.810953669668044,4975245.311875,0.48328550527521325,399379.2025835426,0.03879490710866249,5374624.514458543,0.5220804123838757,6.545151445772951,16.697471250040167,7.299553055949401
2000-07-31,32224071.17635417,3.123042825575491,6635341.152787374,0.6430737590247265,38859412.32914154,3.7661165846002174,4931481.499375,0.4779417172893624,397484.9266654044,0.03852283101359631,5328966.4260404045,0.5164645483029587,6.534359133343225,16.69331516154041,7.2921105562332
2000-08-31,32223884.650364585,3.111251433042212,6602217.408898591,0.6374513376511722,38826102.05926318,3.7487027706933844,4876959.51625,0.4708757944132596,397484.9266654044,0.03837760596273814,5274444.442915405,0.5092534003759978,6.607371773949485,16.60998182820708,7.3611737652131515
2000-09-30,31910276.75734375,3.069357463005483,6569093.665009807,0.6318621683918693,38479370.42235356,3.701219631397352,4838094.76125,0.46536237761563487,397484.9266654044,0.03823292838761961,5235579.687915405,0.5035953060032545,6.595628719992084,16.526648494873747,7.349591204040001
2000-10-31,31606762.693906248,3.028702380386705,6535969.921121024,0.6263060804405539,38142732.61502727,3.6550084608272586,4879627.11125,0.467587851067447,396139.19822448766,0.03795984246302783,5275766.309474488,0.5055476935304748,6.477290574322109,16.499174912292226,7.229799497852781
2000-11-30,31508644.60234375,3.015981611393214,6502958.321268984,0.6224578354330372,38011602.923612736,3.638439446826251,4886404.106250001,0.46772259220538076,396139.19822448766,0.037918119058292836,5282543.304474489,0.5056407112636736,6.448227350259943,16.415841578958894,7.195701148614466
2000-12-31,31202427.12265625,2.9833879386154423,6469946.721416941,0.618617293336911,37672373.84407319,3.6020052319523534,4842112.110625001,0.46297356328966943,396139.19822448766,0.037876441513666426,5238251.308849488,0.5008500048033359,6.443970401715619,16.332508245625554,7.191784361401214
2001-01-31,30891673.323854167,2.9504290138253975,6639239.237289853,0.6341062806818532,37530912.561144024,3.5845352945072504,4816026.414375,0.4599732722587487,416929.44352643925,0.039820462750672685,5232955.857901439,0.49979373500942137,6.414348814958304,15.9241313857193,7.172029266112511
2001-02-28,31775880.261197917,3.0225380998637634,6604495.116995982,0.6282229778496773,38380375.3781939,3.6507610777134407,4807334.54375,0.4572761383110706,416929.44352643925,0.03965854345040738,5224263.98727644,0.496934681761478,6.609874967513886,15.840798052385962,7.346561251818116
2001-03-31,31555548.76796875,2.989374929303595,6569750.996702111,0.6223770363088761,38125299.764670864,3.6117519656124712,4868093.153125,0.46117263662479224,416929.44352643925,0.039497282551827585,5285022.59665144,0.5006699191766198,6.482116873156409,15.757464719052628,7.213838553656674
2001-04-30,31262786.838541664,2.949597777011195,6535006.876408242,0.6165682494960129,37797793.714949906,3.566166026507208,4813293.531875,0.4541271376427021,415561.2862781739,0.03920759376150333,5228854.818153175,0.4933347314042054,6.495092524798371,15.725735510486778,7.2286944330001575
2001-05-31,31129914.072343748,2.937151955048138,6500376.7692183945,0.6133198534338852,37630290.841562144,3.550471808482023,4769656.296875,0.45002389935024084,415561.2862781739,0.039208802234331444,5185217.583153174,0.48923270158457227,6.526657715932184,15.642402177153448,7.257225032142016
2001-06-30,30874165.467395835,2.9131114944399843,6465746.662028546,0.6100712565391665,37339912.12942438,3.5231827509791507,4831363.4243749995,0.4558601054407988,415561.2862781739,0.03921001074440775,5246924.710653174,0.4950701161852066,6.390362875959764,15.559068843820114,7.116532862308986
2001-07-31,30606001.333072916,2.88789805388864,6431116.554838699,0.6068224588025586,37037117.88791162,3.494720512691199,4891247.474375,0.4615246503002443,413372.2203090214,0.03900466505149273,5304619.694684021,0.5005293153517371,6.257299695714891,15.557689266180104,6.982049613288591
2001-08-31,30662861.963333335,2.8876029835953334,6396668.869812949,0.6023912619647487,37059530.83314628,3.489994245560082,4889188.6575,0.46042785476580156,413372.2203090214,0.038928357637559426,5302560.877809022,0.499356212403361,6.271564488782122,15.474355932846773,6.988987337842503
2001-09-30,30418509.981458332,2.8589875189945264,6362221.184787195,0.5979750806820128,36780731.16624553,3.4569625996765394,4929560.863125,0.46332160879638795,413372.2203090214,0.038852199508882336,5342933.083434021,0.5021738083052703,6.170632806057922,15.391022599513436,6.883996223026948
2001-10-31,30172891.236614585,2.830354139018759,7091507.621540237,0.6652156000268511,37264398.85815482,3.49556973904561,4974583.936875001,0.4666385506518717,442645.51334301685,0.041522158118151256,5417229.450218017,0.508160708770023,6.065410016092519,16.02073760554499,6.878866623723148
2001-11-30,30145338.02520833,2.816973823779956,7054620.49542832,0.6592290076729311,37199958.52063665,3.476202831452887,5015843.49125,0.46871260183623936,442645.51334301685,0.04136363716532923,5458489.004593017,0.5100762390015686,6.01002365360802,15.93740427221166,6.815065211148166
2001-12-31,29921535.092604168,2.7853856005902777,7017733.369316401,0.6532784302402764,36939268.46192057,3.4386640308305543,5056051.328125,0.4706661112679908,442645.51334301685,0.041205721404858044,5498696.841468017,0.5118718326728489,5.9179650582582894,15.854070938878325,6.717822336257165
2002-01-31,29703575.156927083,2.75453935706654,7093421.890223738,0.6578033004334146,36796997.04715082,3.4123426574999547,5080873.7993749995,0.471171122490378,453052.7402296629,0.04201351511379999,5533926.539604662,0.513184637604178,5.846154880009209,15.656945119960907,6.649346857752029
2002-02-28,29771910.269479167,2.7520607437710427,7055667.4952046,0.6522129537169814,36827577.76468377,3.404273697488024,5106320.266875001,0.4720188736426353,453052.7402296629,0.04187936380159483,5559373.007104663,0.5138982374442301,5.830404031374862,15.573611786627575,6.624412090647552
2002-03-31,29549024.786822915,2.7227359343189423,7017913.1001854595,0.6466516008448301,36566937.88700838,3.3693875351637725,5142632.418125,0.4738576038579288,453052.7402296629,0.04174564084142141,5595685.158354662,0.5156032446993503,5.745894783900668,15.49027845329424,6.534845484008683
2002-04-30,29305026.688437503,2.691631169109923,6980158.70516632,0.6411191136561076,36285185.393603824,3.332750282766031,5148787.363125,0.47290987641975296,451515.49354904896,0.041471150621820815,5600302.856674049,0.5143810270415737,5.691636616869557,15.45940018647013,6.479146989409989
2002-05-31,29216098.00661458,2.6755749988693522,6942532.414037233,0.6357887405646242,36158630.420651816,3.3113637394339763,5141855.8931249995,0.47088495774896383,451515.49354904896,0.041349244032125164,5593371.386674048,0.512234201781089,5.68201416256695,15.376066853136798,6.464550254395426
2002-06-30,28984695.859270837,2.6465807721238583,6904906.122908144,0.6304841654001305,35889601.98217898,3.277064937523989,5135974.630625,0.4689637514060847,451515.49354904896,0.04122769579314774,5587490.124174049,0.5101914471992325,5.64346554331474,15.29273351980346,6.423206338549767
2002-07-31,28751504.56713542,2.6175710000268966,7293383.001930214,0.6639982194101822,36044887.56906563,3.281569219437079,5180084.391249999,0.47160101303800805,475306.5959685593,0.04327247496991631,5655390.987218559,0.5148734880079243,5.550393081568586,15.344586134067995,6.37354475588491
2002-08-31,29146217.899114583,2.6473031261582265,7253774.118932834,0.6588483956293993,36399992.018047415,3.306151521787626,5208717.03,0.47309921735030613,475306.5959685593,0.043171317861773646,5684023.62596856,0.5162705352120798,5.5956616055824755,15.261252800734662,6.403912864075199
2002-09-30,28904700.193489585,2.6192292082666224,7214165.235935454,0.6537190205307783,36118865.42942504,3.272948228797401,5189628.958125001,0.4702635784559666,475306.5959685593,0.04307039722636664,5664935.55409356,0.5133339756823333,5.569704583260376,15.177919467401328,6.375865194675525
2002-10-31,28713496.4584375,2.5958206733646043,7174556.352938076,0.6486100266518872,35888052.81137557,3.2444307000164914,5259131.865,0.47544760837045186,473756.5246493418,0.04282957955351184,5732888.389649342,0.5182771879239637,5.459740732026216,15.143973707271755,6.260029913746621
2002-11-30,28955032.5696875,2.6088267290577813,7135076.642550629,0.6428650568484865,36090109.21223813,3.2516917859062677,5317283.98125,0.4790833007315622,473756.5246493418,0.042685107730274736,5791040.505899342,0.5217684084618369,5.445455362510219,15.060640373938417,6.232059536705552
2002-12-31,28703655.29,2.577454184780196,7095596.932163185,0.637151464562391,35799252.222163185,3.214605649342587,5317091.380625,0.4774499725345126,473756.5246493418,0.0425411232363071,5790847.905274342,0.5199910957708197,5.398375396479647,14.977307040605089,6.182039799311081
2003-01-31,28470065.010364585,2.547855408718168,7056117.221775738,0.6314691034778392,35526182.232140325,3.179324512196007,5302965.99375,0.4745753332317884,471328.0130062166,0.0421802910102627,5774294.006756217,0.5167556242420511,5.368705936247563,14.970714718971458,6.152472006200739
2003-02-28,28601824.158802085,2.5491477636148865,7016839.887358555,0.6253783537438873,35618664.04616064,3.1745261173587735,5318891.661875,0.4740481134874019,471328.0130062166,0.0420072770048862,5790219.674881217,0.5160553904922881,5.377403033759002,14.887381385638127,6.1515220572164795
2003-03-31,28367098.715104166,2.5178575568388655,6977562.55294137,0.6193269455816748,35344661.26804554,3.1371845024205403,5354577.95125,0.47527118277552327,471328.0130062166,0.04183497266379474,5825905.964256217,0.517106155439318,5.297728219360782,14.804048052304795,6.066809434428955
2003-04-30,28109521.660833333,2.4847611681204524,6938285.218524186,0.6133146587248589,35047806.87935752,3.0980758268453115,5329770.7425,0.47112887710220475,469756.56728932646,0.04152446601382249,5799527.309789326,0.5126533431160273,5.2740583073650535,14.769958956743752,6.043217836080966
2003-05-31,28336753.187604167,2.486383502891359,6899138.837916741,0.6053588735867301,35235892.025520906,3.0917423764780887,5377043.461875,0.47180395260612434,469756.56728932646,0.04121837712141248,5846800.029164326,0.5130223297275368,5.269950557126984,14.686625623410416,6.026525937224009
2003-06-30,28084814.87932292,2.446112493453853,6859992.457309298,0.5974870522353972,34944807.33663222,3.0435995456892506,5391730.623125,0.46960536130412095,469756.56728932646,0.0409145444990777,5861487.190414326,0.5105199058031986,5.208868328634194,14.603292290077084,5.961764685552798
2003-07-31,27847698.9565625,2.407581556674829,7170207.325514489,0.6199025255684663,35017906.28207699,3.027484082243295,5425651.8237499995,0.46907643192262155,504711.605388292,0.04363500030893006,5930363.429138292,0.5127114322315516,5.132599706207328,14.206543398181228,5.904849964172474
2003-08-31,28187363.448645834,2.422679446345486,7128148.025065465,0.6126581417342142,35315511.4737113,3.0353375880797,5453822.2299999995,0.46875129150391925,504711.605388292,0.04337952483331646,5958533.835388292,0.5121308163372357,5.168368578938048,14.123210064847896,5.926879405126335
2003-09-30,28010875.3940625,2.393414888511754,7086088.72461644,0.6054773375061058,35096964.11867894,2.9988922260178597,5460880.922499999,0.4666099691790353,504711.605388292,0.043125545122986955,5965592.5278882915,0.5097355143020222,5.129369380433053,14.03987673151456,5.883231875895924
2003-10-31,27870574.755729165,2.3674839249482456,7044029.424167415,0.5983596167190883,34914604.17989658,2.9658435416673337,5528701.08,0.46963907445264885,503129.89996051905,0.0427386934341026,6031830.979960519,0.5123777678867515,5.0410710133254595,14.000419026418754,5.788392329939774
2003-11-30,28159872.698541667,2.381903456090045,7002101.932504038,0.5922729470928995,35161974.63104571,2.9741764031829447,5577726.26125,0.4717920993827367,503129.89996051905,0.04255725373503772,6080856.161210519,0.5143493531177744,5.0486293840155,13.91708569308542,5.78240525657262
2003-12-31,27990389.739270836,2.357516638658585,6960174.440840661,0.5862271731510205,34950564.1801115,2.9437438118096058,5613520.664375,0.4728040049099584,503129.89996051905,0.04237658430669828,6116650.5643355185,0.5151805892166567,4.986245070211608,13.833752359752085,5.714003736603572
2004-01-31,27917856.01619792,2.3414249265500096,7279554.027102231,0.6105242910965457,35197410.04330015,2.9519492176465554,5658097.961874999,0.47453542267391313,539295.8724501847,0.04522986284504681,6197393.834325184,0.51976528551896,4.93414150909229,13.49825652109854,5.679388947069021
2004-02-29,28171892.834583335,2.350353118579114,7234612.704398052,0.6035765729812925,35406505.538981386,2.9539296915604067,5740797.795,0.4789490745203565,539295.8724501847,0.044992920535823225,6280093.667450185,0.5239419950561798,4.907313206383946,13.414923187765211,5.637894498690969
2004-03-31,27994045.09177083,2.323280566887792,7189671.381693868,0.5966848931135316,35183716.4734647,2.9199654600013236,5795788.954375001,0.4810038636195744,539295.8724501847,0.04475721947860354,6335084.826825186,0.5257610830981779,4.830066331286837,13.331589854431874,5.553787744795983
2004-04-30,27811655.784635417,2.296052221109247,7144730.058989687,0.5898488550340844,34956385.843625106,2.8859010761433312,5784914.19625,0.4775862750524958,537688.5177452046,0.04439005447909543,6322602.713995204,0.5219763295315912,4.807617683018355,13.287860579487718,5.528796830180151
2004-05-31,28049374.520364583,2.3035393778093063,7099922.68251092,0.5830772257217808,35149297.2028755,2.886616603531087,5809057.848125,0.4770656647410404,537688.5177452046,0.04415737230513823,6346746.365870204,0.5212230370461787,4.82855830561545,13.204527246154385,5.538160055030996
2004-06-30,27856174.247604165,2.2756814714903615,7055115.306032152,0.5763603802322669,34911289.55363632,2.8520418517226283,5829591.29875,0.4762424583866826,537688.5177452046,0.04392590979614215,6367279.816495204,0.5201683681828247,4.778409466471033,13.12119391282105,5.482920581437999
2004-07-31,27663328.116979167,2.2480811016725677,9207595.795743797,0.748262176290587,36870923.91272296,2.9963432779631547,5835946.485625,0.47426256700665803,673844.0875540233,0.05476044503026402,6509790.573179023,0.529023012036922,4.740161374871923,13.664282236513069,5.663918600489974
2004-08-31,27840684.248802084,2.2490551438865216,9151442.121780958,0.7392813263509084,36992126.37058304,2.9883364702374298,5812509.005625,0.46955215472299755,673844.0875540233,0.0544351747157976,6486353.093179024,0.5239873294387951,4.789787718498075,13.58094890317973,5.703070097969774
2004-09-30,27666476.756145835,2.221706613590217,9095288.447818125,0.7303807664103609,36761765.20396396,2.952087380000578,5819091.043125,0.46729163129607787,673844.0875540233,0.05411183646702959,6492935.130679023,0.5214034677631074,4.754432702824363,13.497615569846399,5.661810023369116
2004-10-31,27473755.82286459,2.193125767857449,9244548.624153463,0.737957268404089,36718304.44701805,2.931083036261538,5881759.0337499995,0.4695185245298754,710304.0128233595,0.05670087641381071,6592063.046573359,0.5262194009436861,4.671010094976349,13.01491820017695,5.570077862969576
2004-11-30,27592703.111718748,2.1887276352455807,9185356.623084852,0.7286072625481003,36778059.7348036,2.917334897793681,5863958.97625,0.46514504256068495,710304.0128233595,0.05634323016479115,6574262.989073359,0.5214882727254762,4.705473422217608,12.931584866843622,5.594248328052885
2004-12-31,27411181.476197917,2.1606140604886157,9126164.622016236,0.719345848619622,36537346.09821415,2.879959909108238,5870817.634374999,0.4627517109545093,710304.0128233595,0.05598783980399618,6581121.647198359,0.5187395507585054,4.669056881566052,12.848251533510284,5.551841776662557
2005-01-31,27182591.462395832,2.1290814243838407,9373927.123113448,0.7342145482691826,36556518.58550928,2.8632959726530234,5864503.155625,0.4593382771894518,739134.5033378224,0.05789284451980032,6603637.658962822,0.5172311217092521,4.63510560759497,12.682302180160953,5.535815329887574
2005-02-28,27468042.011406247,2.142782300141153,9312332.58116863,0.7264551808851096,36780374.59257488,2.8692374810262624,5918850.601875,0.461729609326029,739134.5033378224,0.05765989183059443,6657985.105212823,0.5193895011566234,4.640772991077828,12.598968846827619,5.524250056338808
2005-03-31,27283410.4925,2.1198148935935857,9250738.03922381,0.7187463707174716,36534148.53172381,2.8385612643110574,5925002.970625,0.46034968924320285,739134.5033378224,0.05742787651034767,6664137.473962823,0.5177775657535505,4.604792711120279,12.515635513494287,5.482202111595819
2005-04-30,27055365.613697916,2.0936381509883017,9189143.497278992,0.7110878365313585,36244509.110976905,2.80472598751966,5872895.336250001,0.45446503692816653,737328.5020979868,0.05705704013927058,6610223.838347987,0.5115220770674371,4.606818964864013,12.462753672389308,5.483098605634368
2005-05-31,27355387.520572916,2.1049774918050597,9127699.455437493,0.702369940517473,36483086.97601041,2.8073474323225325,5867607.356249999,0.4515081866914589,737328.5020979868,0.05673690053980622,6604935.858347986,0.5082450872312652,4.662102601571453,12.379420339055974,5.523609579024057
2005-06-30,27158970.379947916,2.078137383220183,9066255.413595993,0.6937274880908917,36225225.793543905,2.7718648713110747,5881201.166874999,0.45001499807020806,737328.5020979868,0.05641855720181783,6618529.668972986,0.5064335552720259,4.617929162654191,12.29608700572264,5.473304133297791
2005-07-31,26920521.53427083,2.04833408185895,9278952.717445124,0.7060188292007908,36199474.25171596,2.754352911059741,5906635.134375,0.4494252475548684,762610.2508752325,0.058025642855921496,6669245.385250233,0.50745089041079,4.5576747034196785,12.1673590235587,5.427821614087714
2005-08-31,27150445.123489585,2.0564022843423846,9215401.863205522,0.6979838951602878,36365846.98669511,2.7543861795026725,5923913.119375,0.44868319526699724,762610.2508752325,0.05776087481549126,6686523.3702502325,0.5064440700824885,4.5831943474475,12.084025690225367,5.43867791571544
2005-09-30,26937486.592187498,2.0309629294602733,9151851.008965919,0.6900075874392849,36089337.60115342,2.720970516899558,5923294.59625,0.446589242989919,762610.2508752325,0.057497314898086814,6685904.847125233,0.5040865578880058,4.547720217941118,12.000692356892033,5.397823993362828
2005-10-31,26787942.49041667,2.010472257135709,9088300.154726315,0.6820895383113549,35876242.64514299,2.692561795447064,6002633.093125,0.4505059434038232,760761.558958607,0.05709621069735996,6763394.652083606,0.5076021541011831,4.462698631555162,11.94631885339623,5.304472752316849
2005-11-30,26917364.925364587,2.0064776768932493,9024903.358146433,0.6727355064082101,35942268.28351102,2.679213183301459,6018430.8425,0.44862664562023497,760761.558958607,0.056708785935080795,6779192.401458607,0.5053354315553158,4.472488864586398,11.8629855200629,5.3018510399229415
2005-12-31,26705896.63901042,1.9772064432022824,8961506.561566548,0.6634770123556307,35667403.20057697,2.6406834555579133,6028806.34875,0.4463506662478054,760761.558958607,0.05632399003283599,6789567.907708607,0.5026746562806413,4.429715451807067,11.779652186729566,5.253265551712298
2006-01-31,26454415.788072918,1.9452977822213207,10310656.590017758,0.7581833429430751,36765072.37809068,2.7034811251643958,6028851.401875,0.44332527905216174,849011.2566185537,0.06243115432266059,6877862.658493554,0.5057564333748223,4.38796945299489,12.144310819956727,5.345421129148175
2006-02-28,27918279.468333334,2.045237046326235,10239905.651966212,0.7501549088668449,38158185.12029955,2.7953919551930797,6139423.880624999,0.4497618550597534,849011.2566185537,0.06219685839715958,6988435.137243553,0.511958713456913,4.547377736278933,12.060977486623393,5.460190210100493
2006-03-31,27751762.901197918,2.0254086511576883,10169154.713914666,0.7421760558366072,37920917.61511259,2.7675847069942954,6242191.97875,0.4555742884140033,849011.2566185537,0.06196344175350574,7091203.235368554,0.517537730167509,4.445836173522368,11.977644153290061,5.347599886289497
2006-04-30,27496970.634739585,1.9992818250015099,10231001.127340004,0.743887567731497,37727971.76207959,2.743169392733007,6187400.62,0.44988074387876037,874906.7910008476,0.06361374382123659,7062307.411000848,0.513494487699997,4.444026227404616,11.693818395941667,5.342159377445296
2006-05-31,27637162.861718748,2.003820370599144,10158092.22808993,0.7365080212797783,37795255.08980868,2.740328391878922,6158921.461874999,0.4465498990607271,874906.7910008476,0.06343473311478681,7033828.252875847,0.5099846321755139,4.4873380887868946,11.610485062608332,5.373354840496103
2006-06-30,27445825.589895833,1.9843477822088433,10085183.32883986,0.7291641166414966,37531008.9187357,2.71351189885034,6190987.441875,0.4476116835957086,874906.7910008476,0.06325622614905559,7065894.232875847,0.5108679097447641,4.433190318600227,11.527151729275,5.311572418408594
2006-07-31,27199167.249427084,1.9609804315144916,10329320.73780295,0.7447138234754256,37528487.98723003,2.7056942549899174,6176180.345625,0.44528454449391813,904624.8264773434,0.06522080497231507,7080805.172102343,0.5105053494662332,4.403881643238295,11.418347623761187,5.300031151130733
2006-08-31,27636408.170104165,1.984459320772169,10253935.335596506,0.7362938564980273,37890343.50570067,2.720753177270196,6158903.999375001,0.44224612591016893,904624.8264773434,0.06495747050974691,7063528.825852344,0.5072035964199159,4.487228275178292,11.335014290427853,5.3642229599209585
2006-09-30,27408827.99203125,1.9601712634164703,10178549.933390059,0.7279297417781422,37587377.92542131,2.6881010051946124,6145206.35375,0.4394809185524887,904624.8264773434,0.06469519928212689,7049831.180227343,0.5041761178346156,4.460196519732086,11.251680957094518,5.331670640687483
2006-10-31,27182258.67817708,1.9361189865050703,10103164.531183615,0.7196211655624273,37285423.2093607,2.6557401520674975,6206905.1274999995,0.44210111481414016,902486.1950477501,0.06428165804681568,7109391.32254775,0.5063827728609558,4.3793578473988175,11.194813379554311,5.244531003815801
2006-11-30,27334651.97828125,1.9389009932716306,10027957.34826297,0.7113028722107465,37362609.32654422,2.650203865482377,6216949.338125,0.44098052744141447,902486.1950477501,0.06401513293025812,7119435.53317275,0.5049956603716725,4.396795034286903,11.111480046220978,5.247973544033724
2006-12-31,27101212.693333335,1.9143722501694516,9952750.16534232,0.7030411865697691,37053962.85867566,2.6174134367392208,6216189.971874999,0.43909849048439237,902486.1950477501,0.06374971288223666,7118676.166922749,0.502848203366629,4.359778709459028,11.02814671288764,5.205176073445871
2007-01-31,26828699.99359375,1.887264958431646,11103900.04508844,0.7811038724212107,37932600.03868219,2.668368830852857,6216016.02,0.437265660221963,955475.7038134494,0.06721294042836665,7171491.723813449,0.5044786006503297,4.316060304103552,11.62133165790724,5.289359801214619
2007-02-28,27762321.430781253,1.944477176053194,11024277.069770655,0.7721420270312166,38786598.50055191,2.7166192030844107,6240214.32375,0.4370655514692899,955475.7038134494,0.06692166225979508,7195690.02756345,0.503987213729085,4.448937166327604,11.537998324573909,5.390254214950604
2007-03-31,27553503.699635416,1.9214882262912127,10944654.094452867,0.7632431872393551,38498157.79408828,2.6847314135305678,6280150.2212499995,0.4379564516011697,955475.7038134494,0.0666316463923659,7235625.925063449,0.5045880979935355,4.387395640060211,11.454664991240575,5.320639595357563
2007-04-30,27293279.422864582,1.895092627778716,10977055.145644246,0.7621852969344454,38270334.568508826,2.6572779247131613,6224309.64625,0.4321812392298552,976585.2149370315,0.06780861370856173,7200894.8611870315,0.4999898529384169,4.384948849597825,11.240243020013391,5.314663705866156
2007-05-31,27427980.149843752,1.897356417515458,10895673.044399494,0.7537184678201444,38323653.194243245,2.6510748853356025,6168833.015,0.4267348468843834,976585.2149370315,0.06755620409117312,7145418.229937031,0.49429105097555653,4.446218609443711,11.15690968668006,5.3633883925337384
2007-06-30,27213541.020989582,1.8755149193972713,10814290.943154743,0.7453041113225908,38027831.96414433,2.620819030719862,6224755.990625,0.42900050092783537,976585.2149370315,0.0673047340390027,7201341.205562031,0.4963052349668381,4.371824544122764,11.073576353346727,5.280659654728363
2007-07-31,26961094.742604166,1.8512000928449108,10949639.5804521,0.7518230992275118,37910734.323056266,2.6030231920724227,6274706.04,0.43083326232548086,994886.4848512926,0.06831080008841538,7269592.524851292,0.49914406241389625,4.296790091955314,11.005918511486023,5.214973768262448
2007-08-31,29669708.320520837,2.0301891915718,10866732.37338116,0.7435705930712879,40536440.693902,2.7737597846430875,6425897.691875,0.4397005828051156,994886.4848512926,0.06807642888046088,7420784.176726292,0.5077770116855764,4.617208325310821,10.92258517815269,5.462554863276567
2007-09-30,29420240.61494792,2.0062121138844042,10783825.166310221,0.7353658648077432,40204065.781258136,2.7415779786921473,6419020.100625,0.4377229966840691,994886.4848512926,0.06784286178932292,7413906.585476292,0.505565858473392,4.583291554435756,10.83925184481936,5.422790983098865
2007-10-31,29177779.551354166,1.982851820995483,10700917.959239276,0.7272086837333072,39878697.510593444,2.7100605047287902,6499867.824375,0.4417154063799814,992479.0176839312,0.06744649036952016,7492346.842058931,0.5091618967495015,4.488980443869223,10.782009260217059,5.322590951973948
2007-11-30,29610027.891510416,2.0126148888643085,10618211.374432283,0.7217274628578763,40228239.2659427,2.7343423517221845,6557329.313750001,0.44570638894343934,992479.0176839312,0.06745951254064189,7549808.331433931,0.5131659014840813,4.515562125181273,10.698675926883727,5.3283788806201615
2007-12-31,29369731.27890625,1.9966671856280278,10535504.789625289,0.716244098310154,39905236.068531536,2.712911283938182,6576759.17375,0.4471133598500448,992479.0176839312,0.0674725372260077,7569238.191433931,0.5145858970760525,4.4656844660103205,10.615342593550393,5.272028050813898
2008-01-31,29121247.73630208,1.9801565627683504,11495239.146964569,0.7816414132928217,40616486.88326665,2.761797976061172,6598200.373125,0.4486576224210627,1028230.1263798565,0.06991653143519284,7626430.499504857,0.5185741538562556,4.413513699116392,11.179636593061572,5.325753232249826
2008-02-29,30584714.757291667,2.072219090606514,11409553.303099582,0.77303628160661,41994268.06039125,2.8452553722131237,6747170.182499999,0.45714386976305516,1028230.1263798565,0.06966610983066647,7775400.308879856,0.5268099795937217,4.532969219691336,11.09630325972824,5.400913958401847
2008-03-31,30382133.060833335,2.0511205352364255,11323867.459234592,0.7644827648350285,41706000.52006793,2.815603300071454,6844576.25875,0.4620824644274914,1028230.1263798565,0.06941658516680267,7872806.385129857,0.5314990495942941,4.438862525929679,11.012969926394904,5.297475700512863
2008-04-30,30199407.216874998,2.031482216470992,11327766.507488925,0.7620068846729086,41527173.72436392,2.7934891011439005,6922703.92625,0.4656829789762359,1043904.8507913951,0.07022237638113375,7966608.777041394,0.5359053553573696,4.362371630882948,10.851340042055776,5.212653826310536
2008-05-31,31776830.382395834,2.136000171400095,11240774.436589643,0.7555912856723068,43017604.81898548,2.891591457072402,7176971.81625,0.48242738011203234,1043904.8507913951,0.07017002367395005,8220876.667041395,0.5525974037859824,4.427609749065361,10.768006708722444,5.232727184857166
2008-06-30,31811749.67739583,2.136753207622714,11153782.365690362,0.749184829149754,42965532.04308619,2.885938036772468,7564978.301875,0.5081296004165871,1043904.8507913951,0.07011770999714537,8608883.152666396,0.5782473104137325,4.205134292257151,10.684673375389112,4.990836939142175
2008-07-31,32006161.25953125,2.1482088333270775,11288473.875213087,0.7576665972803343,43294635.13474433,2.905875430607412,8233525.557499999,0.5526227337487579,1061381.2263430932,0.0712384252353527,9294906.783843093,0.6238611589841107,3.887297250249806,10.63564494550808,4.6578880392863535
2008-08-31,32701061.579218745,2.2093175013638415,11200025.439684493,0.7566852886311212,43901087.01890324,2.966002789994963,8447171.498125,0.5706996325675627,1061381.2263430932,0.07170801208695302,9508552.724468093,0.6424076446545157,3.871243952662418,10.552311612174744,4.617010421147879
2008-09-30,32617811.527291667,2.218219265225027,11111577.0041559,0.7556581212392757,43729388.53144757,2.973877386464303,8729771.919374999,0.593680181037761,1061381.2263430932,0.07218069434402376,9791153.145718092,0.6658608753817847,3.736387597355111,10.46897827884141,4.46621433457728
2008-10-31,32556474.27984375,2.2286424215209273,11023128.56862731,0.7545845331640126,43579602.84847106,2.98322695468494,8985688.1025,0.615112236037971,1058834.471141204,0.07248215514586392,10044522.573641203,0.6875943911838349,3.6231475996574916,10.410624955142104,4.338643527252603
2008-11-30,33214287.73859375,2.2829468574475276,10934892.36269888,0.7515975760920324,44149180.101292625,3.03454443353956,9224605.858125,0.6340429492494708,1058834.471141204,0.07277780115212762,10283440.329266204,0.7068207504015984,3.600618633406296,10.327291621808772,4.293230542277381
2008-12-31,33106290.5990625,2.284805383338269,10846656.156770444,0.7485736979216293,43952946.75583294,3.0333790812598984,9251977.475,0.638518165547759,1058834.471141204,0.07307465306294567,10310811.946141204,0.7115928186107047,3.5782934716950874,10.243958288475438,4.26280170615295
2009-01-31,33064912.35802083,2.2912574943701234,11768160.967509618,0.8154833958064166,44833073.32553045,3.10674089017654,9126300.804375,0.632413746858997,1095227.320283299,0.07589458512595389,10221528.1246583,0.7083083319849509,3.6230355613711582,10.74494833133416,4.386141952432302
2009-02-28,35008210.830052085,2.428709247481533,11676892.024152678,0.8100892610186777,46685102.85420476,3.238798508500211,9448021.418125,0.6554604318397735,1095227.320283299,0.07598185276532482,10543248.7384083,0.7314422846050983,3.7053483772689852,10.661614998000827,4.427961818270898
2009-03-31,35048847.8665625,2.4343243598907134,11585623.080795737,0.8046816431018751,46634470.947358236,3.2390060029925882,9453270.24375,0.6565786733590464,1095227.320283299,0.07606922074967915,10548497.5640333,0.7326478941087256,3.7075897507251456,10.578281664667495,4.420958592848855
2009-04-30,35190937.164375,2.44700366257636,11590049.607973123,0.8059147077464777,46780986.77234812,3.2529183703228375,9595019.909374999,0.6671902129535319,1112347.846760605,0.07734716590149866,10707367.756135603,0.7445373788550306,3.6676252365032633,10.419447155604992,4.36904642091343
2009-05-31,39983344.75338541,2.7758983880771324,11497353.954076406,0.7982195212813115,51480698.70746182,3.574117909358444,9906086.138124999,0.687743577046443,1112347.846760605,0.07722627043457612,11018433.984885603,0.764969847481019,4.036240367374129,10.336113822271658,4.672233711077256
2009-06-30,40106551.051770836,2.780099988637702,11404658.30017969,0.7905464214516771,51511209.351950526,3.570646410089379,10017104.919374999,0.6943642009154386,1112347.846760605,0.07710556393015472,11129452.766135603,0.7714697648455933,4.00380662622362,10.252780488938326,4.62836856711297
2009-07-31,40452013.99255209,2.79966394580232,11546880.314077709,0.799153893988318,51998894.30662979,3.598817839790638,10234686.284375,0.7083375920970915,1131745.0968979779,0.07832752021215057,11366431.38127298,0.7866651123092421,3.952442983456074,10.202721748675366,4.574777479614379
2009-08-31,43563820.10583334,3.0010846349198035,11452568.222669544,0.7889603446145462,55016388.32850288,3.7900449795343496,10512227.988125,0.724180887197068,1131745.0968979779,0.07796522005405003,11643973.085022978,0.802146107251118,4.144109141758021,10.119388415342033,4.724881097438083
2009-09-30,43741364.00901041,2.999377579363394,11358256.131261379,0.7788439970402953,55099620.14027179,3.7782215764036895,10732996.394375,0.735969475895748,1131745.0968979779,0.07760459569781586,11864741.491272978,0.8135740715935639,4.075410295668654,10.0360550820087,4.643979827187967
2009-10-31,43810142.268125,2.990198464862957,11263944.039853213,0.7688043551681633,55074086.30797821,3.75900282003112,10663887.69875,0.7278483697021315,1129097.4483941072,0.07706492793850582,11792985.147144107,0.8049132976406373,4.1082711583000195,9.976060131810321,4.670071709648124
2009-11-30,47829190.39895834,3.2561365070596313,11169852.585820371,0.760426101294749,58999042.98477871,4.016562608354381,11064954.13125,0.7532847785039672,1129097.4483941072,0.07686718907589955,12194051.579644106,0.8301519675798668,4.3225837027085,9.892726798476987,4.838346188666905
2009-12-31,47810126.43427084,3.2464871576148857,11075761.131787527,0.7520857809190755,58885887.56605837,3.998572938533961,10839594.448125,0.7360491760667339,1129097.4483941072,0.07666995758621674,11968691.896519106,0.8127191336529507,4.410693284059247,9.809393465143653,4.91999360290863
2010-01-31,47858400.14911459,3.241426637690707,11267062.776357302,0.7631127931152468,59125462.92547189,4.004539430805954,10941658.113125,0.7410732903290369,1134633.2476043936,0.07684816921032074,12076291.360729394,0.8179214595393577,4.373962305741059,9.930136279847254,4.895995066642776
2010-02-28,51121547.531979166,3.445748184949422,12777433.376533726,0.8612379708959628,63898980.90851289,4.306986155845385,11349324.682500001,0.7649790902879585,1196685.4368310734,0.08066024741008926,12546010.119331075,0.8456393376980478,4.50436911112479,10.677353449181663,5.093171478481148
2010-03-31,51256248.24791667,3.438174239097098,12677709.590131136,0.8503972883991712,63933957.8380478,4.288571527496269,11656508.967500001,0.7818970412351974,1196685.4368310734,0.08027144361629095,12853194.404331075,0.8621684848514883,4.397221191252574,10.594020115848329,4.9741687417802
2010-04-30,51331747.14708333,3.4266412420109265,12706000.008259296,0.8481866694413958,64037747.15534262,4.274827911452322,11817678.164375,0.7888869098265298,1183473.927725549,0.07900258212464623,13001152.09210055,0.8678894919511759,4.343640640157686,10.736189205856213,4.92554403653594
2010-05-31,54298438.57932291,3.6117560752263924,12607377.180948835,0.8386018514960094,66905815.76027174,4.450357926722402,12067799.473125,0.8027108919163431,1183473.927725549,0.0787208483369264,13251273.40085055,0.8814317402532695,4.499448196851927,10.652855872522881,5.049010290284805
2010-06-30,54214023.533229165,3.5932810781231823,12508754.353638373,0.8290746083856013,66722777.88686754,4.422355686508784,12066268.89625,0.7997468714320106,1183473.927725549,0.07844011924962253,13249742.82397555,0.8781869906816332,4.493022988247676,10.569522539189547,5.035779091963352
2010-07-31,54220862.92729167,3.580918651982688,12890086.507132085,0.8513024084651039,67110949.43442376,4.432221060447792,12174612.530000001,0.8040502259766742,1228079.1815915063,0.08110626445340349,13402691.711591508,0.8851564904300777,4.453600703405027,10.4961363243919,5.007273977389326
2010-08-31,57687529.681875,3.7958922148595686,12787746.575332792,0.8414454205022763,70475276.2572078,4.637337635361845,12405117.03875,0.8162680470369972,1227849.649716506,0.08079362995918542,13632966.688466506,0.8970616769961826,4.6503011218415615,10.41474954061787,5.169474690848464
2010-09-30,57578830.991770834,3.774841088293348,12685425.77118975,0.8316505493212634,70264256.76296058,4.606491637614612,12430883.693125,0.8149628903600088,1227849.649716506,0.08049724574399378,13658733.342841506,0.8954601361040025,4.6319177633055375,10.331416207284535,5.144273264532676
2010-10-31,57398539.53453125,3.7492169577172447,12583104.967046708,0.8219162178299992,69981644.50157796,4.571133175547244,12460355.398125,0.8138983349868847,1225272.4297995716,0.08003360728131952,13685627.827924572,0.8939319422682042,4.606492969146644,10.269638539981704,5.113513634996363
2010-11-30,60101375.080625,3.9221823424850437,12480998.931230081,0.8145030551959256,72582374.01185508,4.7366853976809695,12640746.869375,0.8249281168754607,1225272.4297995716,0.07996059794716513,13866019.299174571,0.9048887148226259,4.754574686265876,10.186305206648374,5.234550193953345
2010-12-31,59904623.149739586,3.9057761878538724,12378892.895413447,0.8071027336578696,72283516.04515304,4.7128789215117415,12566506.1375,0.8193351006262094,1225272.4297995716,0.07988765521456796,13791778.56729957,0.8992227558407774,4.767007033958056,10.102971873315038,5.241058337213874
2011-01-31,59700618.42932291,3.888924251922226,12810602.855173098,0.8344882420976253,72511221.28449601,4.723412494019851,12564148.138125,0.8184340746309409,1257733.287276883,0.08192929339804843,13821881.425401883,0.9003633680289893,4.751664639178019,10.185468560595483,5.246118024948089
2011-02-28,62543045.77770833,4.056011369710334,15168625.041068451,0.9837083382238323,77711670.81877679,5.039719707934166,12712079.2675,0.8243976192796197,1352760.190919671,0.0877285499392376,14064839.458419671,0.9121261692188574,4.919969775330724,11.213092418661503,5.525244070401105
2011-03-31,62373456.40124999,4.02707233101819,15055895.02515848,0.9720669940829999,77429351.42640847,4.99913932510119,12638149.37625,0.8159679550378616,1352760.190919671,0.08733944613090766,13990909.567169672,0.9033074011687692,4.935331474912308,11.129759085328171,5.534261447025581
2011-04-30,62191223.3740625,3.9974975074182675,15163069.95957947,0.9746445089791814,77354293.33364198,4.972142016397449,12631137.91,0.8118981999659456,1369263.4523351437,0.08801285681078115,14000401.362335144,0.8999110567767268,4.923643761725225,11.073887887477278,5.525148267659375
2011-05-31,65110325.782604165,4.177078311297557,15048964.671884878,0.965449077129457,80159290.45448904,5.142527388427014,12843537.594375,0.8239624311652903,1369263.4523351437,0.08784352712806817,14212801.046710143,0.9118059582933585,5.069500930267072,10.990554554143948,5.639936152701133
2011-06-30,64985858.59557292,4.161072260293343,14934859.384190278,0.9562854202124743,79920717.9797632,5.117357680505817,12971259.974374998,0.8305553119844766,1369263.4523351437,0.08767452322209382,14340523.426710142,0.9182298352065704,5.009988137155054,10.90722122081061,5.573068402155095
2011-07-31,64735923.122708336,4.137094005162957,15347498.451454548,0.9808162265239663,80083421.57416289,5.117910231686923,13042301.379999999,0.8334974501012284,1417056.9816401973,0.09056019688798572,14459358.361640196,0.9240576469892141,4.963535286953194,10.83054432552904,5.538518347163963
2011-08-31,67481370.143125,4.294819188857466,15229410.3696512,0.9692684625673175,82710780.5127762,5.264087651424783,13253142.096875,0.8434898234814875,1416460.6567653539,0.0901499539211308,14669602.753640354,0.9336397774026183,5.091726146891358,10.751735529618776,5.638242691490129
2011-09-30,67509558.71786459,4.278949993423237,15111371.981587425,0.9578022174824091,82620930.69945201,5.236752210905646,13380888.10625,0.8481191724792627,1416460.6567653539,0.08977935025883252,14797348.763015352,0.9378985227380953,5.0452225728075515,10.668402196285445,5.583495531710088
2011-10-31,67266163.36213541,4.245995685472347,14993333.593523644,0.9464138664519784,82259496.95565906,5.192409551924325,13529070.135625001,0.8539861730340988,1414064.9003580078,0.08925904445559239,14943135.03598301,0.9432452174896913,4.9719724037063635,10.60300244333035,5.504835281055717
2011-11-30,69743011.67708334,4.38155328659149,14875494.851827143,0.9345419962573053,84618506.52891049,5.316095282848796,13733336.793125,0.8627867583406478,1414064.9003580078,0.08883758476482824,15147401.693483008,0.9516243431054761,5.078373357303606,10.519669109997016,5.586338055939759
2011-12-31,69513906.99119791,4.346539277085922,14757656.110130643,0.9227611379767808,84271563.10132855,5.269300415062703,13772925.900625,0.8611882999906884,1414064.9003580078,0.08841811510512472,15186990.800983008,0.9496064150958131,5.047141579992342,10.436335776663684,5.548930937383192
2012-01-31,69201805.85270834,4.306593169355671,15262278.094925048,0.9498079101043935,84464083.94763339,5.256401079460065,13797532.689375002,0.8586533155001249,1460614.862853004,0.09089754109611772,15258147.552228006,0.9495508565962426,5.01552034053148,10.449214562361359,5.535670936364741
2012-02-29,71802708.77973957,4.455706099918786,17135671.077860445,1.0633514451667687,88938379.85760002,5.5190575450855555,13967397.310625,0.866744701621921,1530887.2006061382,0.09499897084597293,15498284.511231137,0.9617436724678939,5.140736472436368,11.193294366218336,5.738595119553333
2012-03-31,71529490.84947917,4.426088883647172,17008097.144476604,1.0524239556181216,88537587.99395578,5.478512839265294,14036003.964375,0.8685173119472887,1530887.2006061382,0.09472796101651412,15566891.164981138,0.9632452729638028,5.096143534230204,11.109961032885003,5.687557461256462
2012-04-30,71443918.82088542,4.408182382915487,17132374.15595996,1.057089689063102,88576292.97684538,5.465272071978589,14073509.02,0.868353745870254,1557681.7322724143,0.09611098164432179,15631190.752272414,0.9644647275145758,5.076482256085229,10.998635858023771,5.666637582550672
2012-05-31,74037191.21317708,4.557676316657433,17002567.344937257,1.0466658343003372,91039758.55811435,5.60434215095777,14351495.8175,0.8834677751036351,1557681.7322724143,0.09588976869241846,15909177.549772415,0.9793575437960536,5.158848398429468,10.915302524690437,5.7224679448886215
2012-06-30,73702803.08776042,4.526648868849251,16872760.53391456,1.0362843634897287,90575563.62167498,5.562933232338979,14444522.11375,0.8871478010058581,1557681.7322724143,0.09566906489325933,16002203.846022414,0.9828168658991174,5.1024743156854875,10.831969191357105,5.660193089228074
2012-07-31,73316178.97411457,4.492539280002708,17409778.547078602,1.066805650175984,90725957.52119318,5.559344930178692,14504427.568125002,0.8887766860676426,1581264.2960869814,0.09689391975466612,16085691.864211984,0.9856706058223087,5.054744741201269,11.010037088778317,5.640165078820358
2012-08-31,75589882.69552082,4.6223585842868955,17278006.52240469,1.0565586149921993,92867889.2179255,5.678917199279095,14682399.488750001,0.8978359655368888,1580539.7541351984,0.09665078499673939,16262939.2428852,0.9944867505336282,5.148333060508233,10.931712712192077,5.7104000593591255
2012-09-30,75346343.34229165,4.5980114013657545,17146294.876226757,1.0463528266250692,92492638.2185184,5.644364227990824,14723411.005625,0.8984963127315945,1580539.7541351984,0.09645245525467105,16303950.7597602,0.9949487679862655,5.117451609107834,10.848379378858745,5.6730199680680835
2012-10-31,75124828.32203126,4.575085953776889,17014583.23004882,1.0361844743455568,92139411.55208008,5.611270428122446,14878798.734375,0.9061156560240624,1578276.4184402972,0.09611669583098305,16457075.152815297,1.0022323518550456,5.049119197268781,10.780483717081175,5.5987719990643585
2012-11-30,77813302.86395834,4.717103014492948,16883060.1951788,1.023464256231066,94696363.05913714,5.740567270724014,15040203.093125,0.9117488236324054,1578276.4184402972,0.0956763455233847,16618479.511565298,1.00742516915579,5.17368697631001,10.697150383747845,5.698256750458735
2012-12-31,77378654.91869792,4.669264033414479,16751537.160308773,1.0108388424329575,94130192.0790067,5.680102875847437,14983674.780000001,0.9041606346368227,1578276.4184402972,0.09523801264253752,16561951.198440298,0.9993986472793602,5.164197438533694,10.61381705041451,5.683520676469044
2013-01-31,77220756.82661457,4.6383878046203435,17301587.7680773,1.0392474381494163,94522344.59469187,5.67763524276976,15066848.036875002,0.9050142352946016,1640967.9835740258,0.09856735670012066,16707816.020449027,1.0035815919947222,5.125209774308631,10.543525493041288,5.657372841489522
2013-02-28,79514065.0725,4.768465812750743,19096581.514511682,1.1452237539274093,98610646.5870117,5.913689566678152,15160707.90375,0.9091890506442558,1708214.6760977358,0.10244179160484508,16868922.57984774,1.011630842249101,5.244746193733619,11.17926322828236,5.8456991618905025
2013-03-31,79085196.81333333,4.735126985205688,18954230.291503534,1.13486076982197,98039427.10483687,5.869987755027658,15235220.886875,0.9121897454119836,1708214.6760977358,0.1022772116051823,16943435.562972736,1.0144669570171658,5.190945205229317,11.095929894949027,5.786277921054388
2013-04-30,78813706.13526042,4.7112906192375075,19100280.953250486,1.1417680869544926,97913987.0885109,5.853058706192,15159972.361249998,0.9062260750798913,1746150.7250356898,0.10438062025045301,16906123.086285688,1.0106066953303443,5.198802758817294,10.93850644128106,5.791628665470862
2013-05-31,80986814.51265624,4.819667414640184,18954768.39283084,1.1280315212385823,99941582.90548709,5.947698935878766,15267096.769375,0.9085717132881677,1746150.7250356898,0.10391649308776868,17013247.49441069,1.0124882063759364,5.304663731162795,10.855173107947724,5.874338978394372
2013-06-30,80552609.19854167,4.772511400561466,18809255.832411204,1.1143945402811966,99361865.03095287,5.886905940842663,15319029.337499999,0.9076086161102017,1746150.7250356898,0.10345442966088764,17065180.06253569,1.0110630457710894,5.25833637522673,10.771839774614394,5.822491451413894
2013-07-31,80145846.10791665,4.727298096626663,19374126.413167935,1.1427575521936666,99519972.52108459,5.87005564882033,15357519.475625,0.9058432359460452,1780295.801754296,0.10500842356487652,17137815.277379297,1.0108516595109218,5.218671298781145,10.882532214071814,5.807039631967787
2013-08-31,82197802.46307293,4.825836013981659,19225768.42968841,1.1287455735345626,101423570.89276133,5.954581587516222,15348530.697500002,0.9011128032890418,1779464.0460925624,0.10447239977098982,17127994.743592564,1.0055852030600316,5.355418318735973,10.804246633645299,5.921508758677254
2013-09-30,81540615.55078125,4.765041868781128,19077479.759180695,1.1148430654991486,100618095.30996194,5.879884934280277,15205191.510625001,0.8885556440991241,1779464.0460925624,0.10398769528960822,16984655.556717563,0.9925433393887324,5.362682574159145,10.720913300311965,5.924058628917365
2013-10-31,81123542.13322917,4.718674527594996,18929191.08867298,1.101045263425604,100052733.22190215,5.8197197910206,15260180.9925,0.8876316965738583,1777200.7184198434,0.1033735897115891,17037381.710919842,0.9910052862854474,5.316027521108653,10.651127299511465,5.872541621684447
2013-11-30,83456548.82760417,4.853839262151552,18781091.028804664,1.092309690518883,102237639.85640883,5.946148952670435,15444664.631875,0.8982628761203041,1777200.7184198434,0.10336212969469154,17221865.350294843,1.0016250058149956,5.403584397382441,10.567793966178133,5.936502102233571
2013-12-31,82979975.75411458,4.825586710927466,18632990.96893634,1.0835760409350592,101612966.72305092,5.9091627518625245,15402495.93,0.8957110314802291,1777200.7184198434,0.1033506709482534,17179696.648419842,0.9990617024284825,5.3874369538050955,10.484460632844797,5.914712512248992
2014-01-31,82519812.47973958,4.798294547791079,19202674.71278211,1.1165814197647437,101722487.19252169,5.9148759675558225,15394099.488125,0.895123503342415,1812064.9595220333,0.10536647084180667,17206164.447647035,1.0004899741842217,5.360483251611782,10.597122697989361,5.911979250345499
2014-02-28,84738702.01822917,4.897057648235643,21132448.68077722,1.2212462189459192,105871150.6990064,6.118303867181562,15581177.594375,0.9004377349400242,1888427.4719298414,0.10913240319119989,17469605.06630484,1.009570138131224,5.438530015139607,11.19050055927291,6.060305902576434
2014-03-31,84558318.73953125,4.856624048690709,20975079.724783067,1.2047079238693843,105533398.46431431,6.061331972560094,15714723.365,0.9025782980391821,1888427.4719298414,0.10846221177402646,17603150.836929843,1.0110405098132085,5.38083406086934,11.107167225939577,5.995142542488169
2014-04-30,84347881.28505208,4.81478681204199,21109051.66950598,1.204957161278003,105456932.95455806,6.019743973319993,15636384.048124999,0.8925636845400877,1926031.362984819,0.1099426596708361,17562415.411109816,1.0025063442109239,5.394334203192359,10.959869125284,6.004694142916526
2014-05-31,86580551.158125,4.91565302000022,20948549.055923913,1.1893640899017488,107529100.2140489,6.1050171099019686,15782185.1575,0.8960412597741612,1926031.362984819,0.1093513700181959,17708216.52048482,1.005392629792357,5.4859672658814445,10.876535791950667,6.072271597179734
2014-06-30,86061516.17416666,4.859905853836211,20788046.44234184,1.1739038897537108,106849562.61650851,6.033809743589922,15781027.821875,0.8911568480373111,1926031.362984819,0.10876326041827017,17707059.18485982,0.9999201084555813,5.453479782531768,10.793202458617333,6.034291832483893
2014-07-31,85625368.47078124,4.809271621930546,21339925.68414191,1.1985875312393164,106965294.15492314,6.007859153169862,15838296.384375,0.8895806313183027,1962095.623899524,0.11020391470495233,17800392.008274525,0.9997845460232551,5.406223396302488,10.876088516894168,6.009153849263558
2014-08-31,87682928.27625,4.91493314819649,21176417.715483624,1.1870118783211006,108859345.99173363,6.1019450265175905,15901812.319375,0.8913518973574825,1961040.759124291,0.10992315632546068,17862853.07849929,1.0012750536829431,5.514021076038977,10.798560721879143,6.094174626715298
2014-09-30,87146666.44963542,4.875049906494416,21012997.65222327,1.175482854514477,108159664.10185869,6.050532761008894,15885266.5075,0.8886337269915244,1961040.759124291,0.1097020914153465,17846307.26662429,0.9983358184068709,5.486005941951957,10.715227388545811,6.060618731144237
2014-10-31,86732064.6656771,4.842099270870627,20849577.58896291,1.1639954015925735,107581642.25464001,6.006094672463201,15880876.576875001,0.8866015260916947,1958821.9666262353,0.10935759978650356,17839698.543501236,0.9959591258781983,5.461415448059859,10.643936990799142,6.030463014400575
2014-11-30,88724480.47958334,4.93945008208274,20686342.425077386,1.1516455800837617,109410822.90466073,6.091095662166501,15937678.05625,0.887278964696419,1958821.9666262353,0.1090511127429356,17896500.022876237,0.9963300774393545,5.566964031174529,10.560603657465807,6.113531850630354
2014-12-31,88241973.73531249,4.898819987239488,20523107.261191867,1.1393558393532748,108765080.99650437,6.038175826592763,15989778.637500001,0.887684668249591,1958821.9666262353,0.10874548466397561,17948600.604126237,0.9964301529135666,5.5186488653672265,10.477270324132474,6.059808416011004
2015-01-31,87723858.5571875,4.856407546785989,21072116.888239905,1.1665559309169278,108795975.4454274,6.022963477702916,15997787.53375,0.8856402053967424,1997065.3808842504,0.11055787498025729,17994852.91463425,0.9961980803769996,5.483499413410723,10.551540820816642,6.045949692478423
2015-02-28,89643389.70947917,4.943025489125208,22860611.14891155,1.260556790325173,112504000.85839072,6.203582279450382,16125498.16875,0.8891759752871602,2065510.7421389637,0.1138943125593922,18191008.910888962,1.0030702878465525,5.559108237859052,11.067776449924429,6.184593796281795
2015-03-31,89089119.75791667,4.893013657014185,22688485.2537333,1.2461125276032028,111777605.01164997,6.139126184617388,16152233.97625,0.8871240579302806,2065510.7421389637,0.11344339575313134,18217744.718388963,1.000567453683412,5.515591211030745,10.984443116591093,6.135644490551118
2015-04-30,88611540.40364584,4.847515725768189,22814588.65447897,1.2480775842033442,111426129.05812481,6.095593309971534,16192777.36125,0.8858297976195988,2097844.9053660347,0.1147631123740867,18290622.266616035,1.0005929099936854,5.472287948310647,10.875250403936917,6.091981313369491
2015-05-31,90532283.27270834,4.941635413316624,22639768.24569847,1.2357744272859965,113172051.51840681,6.177409840602621,16180906.31375,0.88322239061091,2097844.9053660347,0.1145092590316653,18278751.219116036,0.9977316496425753,5.5950069493806405,10.791917070603585,6.191454228013714
2015-06-30,90206365.60072917,4.912954014651809,22464947.836917963,1.2235195923184097,112671313.43764713,6.136473606970219,16252856.354375001,0.8851873739067962,2097844.9053660347,0.11425596720694832,18350701.259741034,0.9994433411137446,5.550185372582039,10.70858373727025,6.1398914320965385
2015-07-31,89687001.46703126,4.873862856849235,23019011.90389452,1.2509227121502469,112706013.37092578,6.1247855689994815,16337267.044375,0.8878164921064575,2141461.7145763687,0.11637350495963598,18478728.75895137,1.0041899970660935,5.4897187652882815,10.749205436272868,6.099229813973503
2015-08-31,91643084.52979167,4.977142883963594,22840556.76101316,1.2404723731433054,114483641.29080483,6.217615257106899,16447793.879375001,0.8932809353118065,2140292.06697839,0.11623942477953433,18588085.94635339,1.009520360091341,5.571755409989002,10.671700892326756,6.158979553958014
2015-09-30,91035125.60234374,4.941126996521198,22662199.08876496,1.2300395366857355,113697324.6911087,6.171166533206933,16497778.990625,0.8954523939396719,2140292.06697839,0.11616894954132746,18638071.05760339,1.0116213434809993,5.518023102023321,10.588367558993424,6.100273163446598
2015-10-31,90404054.89479166,4.903899270984078,22483841.41651676,1.2196188949676232,112887896.31130841,6.123518165951701,16544971.913749998,0.8974694309974474,2138098.5048742862,0.11597952892209507,18683070.418624286,1.0134489599195424,5.4641407290428665,10.515811766978782,6.042256105761702
2015-11-30,92668735.43375,5.018519631311542,22305666.54111057,1.2079740259980207,114974401.97486058,6.226493657309563,16820457.6475,0.9109199183145383,2138098.5048742862,0.1157897458097994,18958556.152374286,1.0267096641243376,5.509287403218973,10.43247843364545,6.064512563656473
2015-12-31,92419405.64385417,4.996827097345852,22127491.665704384,1.1963640014908365,114546897.30955856,6.193191098836689,16943745.211875,0.9160951059508484,2138098.5048742862,0.11560027324911654,19081843.716749284,1.031695379199965,5.454485090998781,10.349145100312118,6.002926080408773
2016-01-31,91820958.23401041,4.9563473123869395,22707272.651198454,1.2257019741569009,114528230.88520887,6.18204928654384,16916440.673125,0.9131221986566084,2186799.507422109,0.11803991234460966,19103240.180547107,1.0311621110012181,5.427912408304991,10.38379264954506,5.9952254069355915
2016-02-29,93667642.67552084,5.03924066954638,24312863.875675157,1.3080116989798687,117980506.551196,6.347252368526249,16995332.14125,0.91433462476811,2250377.4024256915,0.12106841812402458,19245709.54367569,1.0354030428921346,5.51137464669941,10.803905091416318,6.130223792656448
2016-03-31,93287808.60895833,5.002141813810747,24125332.425473016,1.2936131301293552,117413141.03443135,6.295754943940102,17111252.213749997,0.9175144261759534,2250377.4024256915,0.12066643079498166,19361629.61617569,1.038180856970935,5.451839961425824,10.720571758082984,6.064217907377923
2016-04-30,92813922.71697916,4.960207399464745,24212706.088489197,1.2939873715650894,117026628.80546835,6.254194771029835,17132567.429375,0.9156071120294146,2259463.026425124,0.12075133659274431,19392030.455800124,1.0363584486221589,5.417397193945557,10.716132906497718,6.034779548856674
2016-05-31,94878565.46015623,5.054308029728888,24024417.502953768,1.2798128397686517,118902982.96311,6.334120869497539,17272596.033125002,0.9201342832396496,2259463.026425124,0.12036461620124114,19532059.059550125,1.0404988994408908,5.493011315623907,10.632799573164384,6.0875805566936805
2016-06-30,94571664.90270834,5.0218243689868345,23836128.91741834,1.2657158270708968,118407793.82012668,6.287540196057732,17385217.9625,0.9231677512925954,2259463.026425124,0.11997913432738444,19644680.98892512,1.04314688561998,5.439774474309145,10.54946623983105,6.0274734869393
2016-07-31,93971736.40104166,4.9739867681291985,24285840.436959222,1.2854657539880596,118257576.83800088,6.259452522117258,17443052.98375,0.9232724440323028,2290333.3867467353,0.12122887579372767,19733386.370496735,1.0445013198260304,5.387344548490795,10.603626780927133,5.9927665033107065
2016-08-31,95712463.69708334,5.048660234130533,24094979.32139699,1.270966802475501,119807443.01848033,6.319627036606033,17541007.768124998,0.9252565963173102,2289018.967262665,0.12074163164124797,19830026.73538766,1.0459982279585582,5.456497423768845,10.526334497879281,6.041718683347917
2016-09-30,95075615.1809896,4.997779236729,23904227.74079177,1.2565582967361981,118979842.92178136,6.254337533465199,17455849.736875,0.9175905221159067,2289018.967262665,0.12032540042245912,19744868.704137668,1.0379159225383658,5.446633456069742,10.443001164545947,6.0258614379567055
2016-10-31,94468876.0234375,4.948766328304215,23713476.160186548,1.2422340276331971,118182352.18362404,6.191000355937412,17540628.781875,0.918868486076735,2286786.194633449,0.11979363994153247,19827414.97650845,1.0386621260182674,5.38571776406634,10.369782805159712,5.960552715704325
2016-11-30,96517922.36953124,5.039380183577589,23522910.643967092,1.2281749010865062,120040833.01349834,6.267555084664095,17677593.80125,0.9229800404766622,2286786.194633449,0.11939735906450154,19964379.99588345,1.0423773995411636,5.4599015824600725,10.286449471826376,6.012750360304208
2016-12-31,95973347.88088542,4.994370577447415,23332345.127747644,1.214195196707108,119305693.00863306,6.208565774154524,17626062.586875,0.9172451552840737,2286786.194633449,0.11900238909624321,19912848.78150845,1.036247544380317,5.44496806407295,10.203116138493046,5.99139250830967
2017-01-31,95342507.25604168,4.945129246119551,23812281.77699542,1.2350714746364906,119154789.0330371,6.180200720756042,17565093.600625,0.9110486033476302,2325900.0827848623,0.1206374454999709,19890993.683409862,1.031686048847601,5.427953270493771,10.237878210350438,5.990388963444218
2017-02-28,97299022.38442709,5.032848773413156,25207794.950282324,1.3038879198059041,122506817.3347094,6.33673669321906,17688748.301875003,0.9149608394066892,2381629.4134579552,0.12319117272204998,20070377.71533296,1.038152012128739,5.500616591062773,10.58426420493456,6.103862073363928
2017-03-31,97108134.31239584,5.009280377711422,25009325.83249416,1.290095068138,122117460.14489,6.299375445849422,17721071.873125,0.9141336947169358,2381629.4134579552,0.12285530529745131,20102701.286582958,1.036989000014387,5.479811549078234,10.500930871601224,6.074679139086358
2017-04-30,96470498.01953125,4.962820605303119,25112744.374281954,1.2918980185130182,121583242.39381321,6.254718623816138,17619088.8575,0.9063950018270309,2389695.6670153327,0.12293531328371701,20008784.524515335,1.029330315110748,5.475339774932016,10.50876256793281,6.076493164532105
2017-05-31,98989083.94848958,5.0704016089542545,24913603.068697345,1.276120235137282,123902687.01718692,6.346521844091536,17717555.177500002,0.9075255239807939,2389695.6670153327,0.12240457504638254,20107250.844515335,1.0299300990271765,5.587062264335345,10.425429234599475,6.162089883659253
2017-06-30,98447895.12015626,5.020910588933615,24714461.763112735,1.2604546050959866,123162356.883269,6.281365194029602,17749674.918750003,0.9052456697109711,2389695.6670153327,0.12187612812038168,20139370.585765336,1.0271217978313527,5.546461868783866,10.342095901266143,6.115501790821662
2017-07-31,97942743.47546874,4.973582378323869,25149017.834869683,1.2770799295303477,123091761.31033842,6.250662307854216,17840250.641875,0.9059370104282851,2430191.1791235954,0.12340634533557385,20270441.820998594,1.029343355763859,5.489986964957518,10.348575886091078,6.07247549892203
2017-08-31,99973240.84447917,5.047429592020781,24946501.903276056,1.2594941492381535,124919742.74775523,6.3069237412589345,17882980.028750002,0.9028724269431745,2428746.9602596913,0.12262210542734708,20311726.989009693,1.0254945323705216,5.590412821786682,10.27134662913121,6.150129076436831
2017-09-30,99428446.44572917,4.990988856821631,24744106.323254414,1.2420747114738526,124172552.76898357,6.233063568295484,18035825.66375,0.9053405552352409,2428746.9602596913,0.12191530138522254,20464572.62400969,1.0272558566204635,5.512830313367314,10.188013295797877,6.067683652640777
2017-10-31,98819670.82,4.931837940722728,24541710.74323277,1.2248142416319574,123361381.56323276,6.156652182354685,18255854.584375,0.9111031794827181,2426468.170476819,0.12109884282969767,20682322.75485182,1.0322020223124158,5.413039984695033,10.114169656884535,5.964580624015921
2017-11-30,100558721.88598959,4.994528767873361,24339505.0623597,1.2088892534610851,124898226.9483493,6.203418021334446,18433962.48375,0.9155740467283645,2426468.170476819,0.120517294317998,20860430.65422682,1.0360913410463626,5.455079013784183,10.0308363235512,5.98732734805942
2017-12-31,99755897.33005208,4.930860698530047,24137299.381486636,1.1930889709211334,123893196.71153872,6.12394966945118,18403870.262500003,0.9096897828302033,2426468.170476819,0.11993853855529252,20830338.432976823,1.0296283213854958,5.42037603543186,9.947502990217869,5.94772845914983
2018-01-31,99173476.81640625,4.8785310403748925,24595563.01854264,1.209902299418095,123769039.8349489,6.088433339792988,18417376.37375,0.9059856042754239,2467464.8873835076,0.12137926823338113,20884841.261133507,1.027364872508805,5.384777658003268,9.967948538722146,5.9262619374216605
2018-02-28,101395626.30411458,4.967372240457878,25958000.78208417,1.2716825883196536,127353627.08619875,6.239054828777531,18549009.53875,0.9087160702022918,2522828.364831518,0.12359337422816713,21071837.90358152,1.032309444430459,5.4663633706313535,10.289245651405114,6.043783540331469
2018-03-31,100975066.68598959,4.926467053613806,25747765.08501488,1.2562063146734586,126722831.77100447,6.182673368287265,18785372.714375,0.9165185308074177,2522828.364831518,0.12308613630249132,21308201.07920652,1.039604667109909,5.375196341391786,10.205912318071782,5.947138911443171
2018-04-30,100356162.94385417,4.876176670103546,25882579.41144839,1.2576011894637311,126238742.35530256,6.133777859567277,18595460.485625,0.9035294687439016,2532856.2524268003,0.12306822226472758,21128316.7380518,1.0265976910086292,5.396809776312521,10.218732068450219,5.974860369635995
2018-05-31,102902213.55609374,4.982370669162241,25671508.05707949,1.242975873468765,128573721.61317323,6.225346542631006,18676159.03875,0.9042715777591441,2532856.2524268003,0.1226370965714582,21209015.2911768,1.0269086743306024,5.5098167317267075,10.135398735116887,6.062220232669709
2018-06-30,102247675.47734375,4.933335977500905,25460436.702710588,1.2284375933436105,127708112.18005434,6.161773570844515,18536951.556875,0.8943871789925074,2532856.2524268003,0.12220748117353543,21069807.8093018,1.016594660166043,5.515884052651691,10.052065401783553,6.061190179612097
2018-07-31,101571516.27458334,4.88354415267582,25876782.444300875,1.2441520441056175,127448298.71888421,6.127696196781438,18421278.990000002,0.885692491320382,2572094.9731732924,0.1236659629301062,20993373.963173293,1.009358454250488,5.513814558137981,10.06058590922702,6.070882124162358
2018-08-31,104017347.88958333,4.9916267020966245,25662441.196536437,1.231499642286533,129679789.08611977,6.223126344383157,18263414.365625,0.8764321401049522,2570495.0372411525,0.12335395898691945,20833909.402866155,0.9997860990918717,5.695394399273035,9.9834626500891,6.22445776155096
2018-09-30,103350914.89244792,4.950211881332424,25448233.27676634,1.2188972575294845,128799148.16921426,6.169109138861909,17972272.229375,0.8608202028687982,2570495.0372411525,0.1231193268825818,20542767.266616154,0.98393952975138,5.750575863386086,9.900129316755768,6.269805158067699
2018-10-31,102845456.71291667,4.916632117075644,25234025.356996242,1.20633835930768,128079482.06991291,6.122970476383324,18023045.70125,0.8616101106891068,2568018.0721747805,0.12276672722772271,20591063.77342478,0.9843768379168295,5.706330573515871,9.826264709899908,6.2201488703665095
2018-11-30,105827157.9909375,5.043652446326114,25020023.85098168,1.1924378099045987,130847181.84191918,6.236090256230712,18332637.771875,0.8737214066888763,2568018.0721747805,0.12239004503024793,20900655.84404978,0.9961114517191243,5.772609447031792,9.742931376566576,6.26043425709869
2018-12-31,105247531.85734375,5.00063729002303,24806022.344967116,1.178611205092423,130053554.20231086,6.179248495115453,18335143.869999997,0.8711596608130966,2568018.0721747805,0.1220145185977035,20903161.942174777,0.9931741794108001,5.740207581875046,9.659598043233244,6.221716817871048
2019-01-31,104826139.70151041,4.965333736027134,25205032.54624739,1.1938949462024382,130031172.2477578,6.159228682229572,18445949.31,0.8737352597624056,2606511.290689421,0.1234634651418851,21052460.60068942,0.9971987249042907,5.682881262428799,9.670026228653194,6.176530844261483
2019-02-28,107660752.4761979,5.076752641740991,26255048.52779406,1.2380592175592011,133915801.00399196,6.3148118593001925,18697948.189375,0.8817034590811735,2650851.4042839333,0.12500114071315416,21348799.59365893,1.0067045997943276,5.757891260891155,9.904383355990586,6.272755543771554
2019-03-31,106732912.91874999,5.010449578582807,26034144.244103733,1.2221419193902503,132767057.16285372,6.232591497973058,18549721.505,0.8707946008023574,2650851.4042839333,0.12444106450641812,21200572.909283932,0.9952356653087755,5.753882228904654,9.821050022657253,6.262427799991847
2019-04-30,106056354.51875001,4.956381989645449,26052578.47283103,1.217527524046056,132108932.99158104,6.1739095136915045,18479310.760624997,0.8636024069527161,2638604.819131379,0.12331117227890732,21117915.579756375,0.9869135792316234,5.739194274752433,9.87361892312751,6.255775220458813
2019-05-31,108842130.14546874,5.06152437386223,25832694.737903412,1.201307011206856,134674824.88337216,6.262831385069086,18597749.69625,0.8648577831097984,2638604.819131379,0.12270398040881984,21236354.515381377,0.9875617635186182,5.852435478654463,9.790285589794177,6.3417110872691405
2019-06-30,108314917.60619792,5.0122046848666635,25612811.0029758,1.1852167193484884,133927728.60917372,6.197421404215152,18599391.653125,0.8606751501985968,2638604.819131379,0.12209977838920764,21237996.472256377,0.9827749285878044,5.823573137565457,9.706952256460845,6.306043453021862
2019-07-31,107815826.13541667,4.96454285576223,26042542.440188784,1.1991682728928543,133858368.57560545,6.163711128655084,18798030.516875003,0.865583759361429,2678089.5390187423,0.123316685171321,21476120.055893745,0.98890044453275,5.735485216849199,9.724298631826487,6.232893475507945
2019-08-31,110989569.92328125,5.093846919839478,25819368.31193722,1.18497539758801,136808938.23521847,6.278822317427488,19109441.411875,0.8770244748494533,2676367.5227294182,0.12283141984816351,21785808.934604418,0.9998558946976168,5.808101217145471,9.647168444790447,6.2797272594230895
2019-09-30,110493831.01395833,5.0543897090125025,25596337.685043104,1.1708695824597428,136090168.69900143,6.225259291472245,19258070.3725,0.8809341825961867,2676367.5227294182,0.12242678473796409,21934437.895229418,1.0033609673341508,5.737533869008004,9.563835111457113,6.204406483951889
2019-10-31,110057740.238125,5.01785671651016,25632184.650059745,1.1686468359867,135689924.88818473,6.18650355249686,19565810.381875,0.8920629555561762,2725688.191441388,0.12427215722351095,22291498.573316388,1.0163351127796871,5.6250029050715,9.403931355957862,6.087070568266315
2019-11-30,112917302.87401041,5.164417057930469,25405043.96743963,1.161932131599974,138322346.84145004,6.3263491895304425,19817811.324375004,0.9063929110018325,2725688.191441388,0.12466283051576048,22543499.51581639,1.031055741517593,5.6977685893662375,9.320598022624528,6.1357974499213785
2019-12-31,112455774.71885417,5.159477452135802,25177903.284819514,1.1551636598018347,137633678.00367367,6.314641111937636,20110111.920625,0.922653098729631,2725688.191441388,0.12505473196421676,22835800.112066388,1.0477078306938477,5.592001435035234,9.237264689291196,6.027101188845506
2020-01-31,112763255.46151043,5.18984883927017,25616704.176349856,1.178990637432736,138379959.6378603,6.368839476702906,20905842.84375,0.9621765864469415,2761395.8677356704,0.12709128590053081,23667238.71148567,1.0892678723474722,5.393863156070844,9.276722861671917,5.8468992232163
2020-02-29,115656547.05526042,5.47797005042244,26547004.171077907,1.2573753711333027,142203551.22633833,6.735345421555742,21460821.40625,1.016472823321723,2799270.6039323346,0.13258497613665193,24260092.010182336,1.149057799458375,5.389194796690212,9.483543367970729,5.861624562951093
2020-03-31,115158995.47963542,5.613188505772669,26313731.62075021,1.282608755507091,141472727.10038564,6.8957972612797604,22135139.746875003,1.078931884420636,2799270.6039323346,0.13644469121232425,24934410.35080734,1.2153765756329602,5.202542057404148,9.400210034637395,5.673794772363846
2020-04-30,115204530.67218749,5.778879601186077,26339258.349753477,1.3212275758570236,141543789.02194098,7.100107177043101,24337588.612499997,1.220819993399694,2789115.394344048,0.13990736270253348,27126704.006844044,1.3607273561022275,4.733604980610834,9.443588602739764,5.217876413818265
2020-05-31,119979549.43010417,5.852029052516794,26106832.066891473,1.2733665066281064,146086381.49699563,7.1253955591449,25200724.923125,1.2291709303386364,2789115.394344048,0.13603972006939244,27989840.317469046,1.3652106504080288,4.760956273920797,9.360255269406432,5.219264555997487
2020-06-30,119502541.3663021,5.667630745491974,25874405.784029465,1.2271419173705778,145376947.15033156,6.894772662862552,25244901.965,1.1972865255241407,2789115.394344048,0.13227899575169053,28034017.359344047,1.3295655212758313,4.733729666765299,9.276921936073096,5.18573364947553
2020-07-31,118942209.15651041,5.485112841695943,26340494.208175182,1.2147124562632274,145282703.3646856,6.699825297959171,24967095.5825,1.151377106332524,2809768.778591534,0.12957468100637815,27776864.36109153,1.280951787338902,4.76395857753994,9.374612747095512,5.230349310708752
2020-08-31,124831592.80526042,5.723102613934952,26106346.80995922,1.1968869283070935,150937939.61521965,6.919989542242045,25208443.518124998,1.1557211259562907,2808000.854995393,0.12873725850975845,28016444.37312039,1.284458384466049,4.951975425039863,9.297129223987382,5.387476640684388
2020-09-30,124425060.7728125,5.671165706925565,25872346.738709606,1.1792348315598964,150297407.5115221,6.850400538485462,25258132.085625,1.1512395623140588,2808000.854995393,0.12798577758337856,28066132.940620393,1.2792253398974374,4.926138653128104,9.213795890654048,5.3551163542732025
2020-10-31,124044528.93598959,5.620818278428958,25883239.180858202,1.1728448254883586,149927768.11684778,6.793663103917316,25200893.345625,1.1419257517026231,2854475.095467897,0.12934456625818297,28055368.441092893,1.271270317960806,4.922227447842611,9.067600282081107,5.343995693075538
2020-11-30,130292085.27354169,5.852388877698896,25645366.25623588,1.1519245848848765,155937451.52977756,7.004313462583773,25549487.76125,1.1476179669004622,2854475.095467897,0.1282157566617532,28403962.8567179,1.2758337235622155,5.099596770435103,8.984266948747775,5.489989277777709
2020-12-31,130332110.47729167,5.803096334990361,25407493.33161356,1.1312801649112263,155739603.80890524,6.934376499901587,25892933.197499998,1.152894595125449,2854475.095467897,0.12709679835743296,28747408.292967893,1.279991393482882,5.033501206030819,8.900933615414443,5.4175180670809135
2021-01-31,129946343.20020834,5.7354252740097955,25842212.241886288,1.1405944452017662,155788555.44209462,6.876019719211562,25855343.265625,1.1411740075316474,2867367.30222773,0.12655662706666945,28722710.567852728,1.2677306345983168,5.025898974351411,9.01252247028444,5.423880697960922
2021-02-28,136773573.36015627,5.97480937576456,26864510.1404452,1.1735478069275378,163638083.50060147,7.148357182692099,26117587.17125,1.1409192643685888,2908136.1323198145,0.12703886140073473,29025723.303569816,1.2679581257693235,5.236838015064246,9.23770721799582,5.637691842823981
2021-03-31,136229208.37192708,5.889960610553184,26622165.462751888,1.1510270654670463,162851373.83467898,7.04098767602023,25613498.52375,1.1074166781581185,2908136.1323198145,0.12573520373638128,28521634.656069815,1.2331518818944998,5.318649002423826,9.154373884662489,5.709748960690156
2021-04-30,135950351.44890624,5.817585694437834,26654687.954331044,1.1406070648599875,162605039.40323728,6.958192759297821,25472293.813124996,1.0900100699441444,2905730.1641514036,0.12434196789271855,28378023.9772764,1.2143520378368629,5.337185274569019,9.173146317292453,5.729963422874076
2021-05-31,143324038.78052083,6.085480848691216,26412543.773985095,1.1214659499509578,169736582.5545059,7.206946798642174,25678114.430625,1.0902823764083587,2905730.1641514036,0.12337613017231702,28583844.594776403,1.2136585065806758,5.58156398779754,9.08981298395912,5.938199880415131
2021-06-30,142887636.87869793,6.019825794676994,26170399.593639143,1.1025533767105073,169058036.47233707,7.122379171387502,25421701.761250004,1.0710108960432607,2905730.1641514036,0.12241779468561838,28327431.92540141,1.1934286907288791,5.620695192660149,9.006479650625787,5.967997272662812
2021-07-31,142416229.49567705,5.953360215530435,26620796.608794004,1.1128169310319538,169037026.10447106,7.066177146562389,25057082.684375,1.0474497162203185,2920131.318086248,0.12206890798037043,27977214.002461247,1.169518624200689,5.6836716105217,9.116301189578126,6.041953501503056
2021-08-31,149129224.1515625,6.16142851801525,26377452.332286816,1.0898117921378392,175506676.48384932,7.251240310153089,25293872.225625,1.0450425565388208,2918257.257896192,0.12057082435722032,28212129.483521193,1.1656133808960412,5.89586374206797,9.038768690085483,6.220965226547801
2021-09-30,148730389.96026042,6.073434486267252,26134264.22746214,1.0671977776344104,174864654.18772256,7.140632263901662,25225253.620625,1.0300781521871665,2918257.257896192,0.1191676043789175,28143510.878521193,1.149245756566084,5.896090964915158,8.955435356752151,6.2133205392358235
2021-10-31,148294005.9215625,5.985138575545724,26136026.476342242,1.0548487061424454,174430032.39790472,7.03998728168817,25462478.311874997,1.0276643363050482,2964562.807833434,0.11964960492184053,28427041.11970843,1.1473139412268887,5.82402090264726,8.81614867706008,6.136060086709925
2021-11-30,154650309.83848956,6.2052896760925105,25888979.575689454,1.0387862646597377,180539289.41417903,7.244075940752248,25863202.358125,1.0377519628067498,2964562.807833434,0.11895204739511114,28827765.165958434,1.1567040102018609,5.979549929550998,8.732815343726745,6.2626876684624415
2021-12-31,154321635.75572917,6.156001773056227,25641932.675036676,1.022875258152219,179963568.43076584,7.178877031208446,26055322.474375002,1.0393656765256882,2964562.807833434,0.11825855663068711,29019885.282208435,1.1576242331563753,5.922844973709386,8.649482010393415,6.201388002767131
2022-01-31,153397119.40484375,6.083447647513349,26095074.216222458,1.034882652740036,179492193.6210662,7.118330300253385,26169378.760625,1.0378294343197618,2968997.0840718513,0.11774496416000214,29138375.844696853,1.155574398479764,5.861702748391119,8.789188226629777,6.1599930818976505
2022-02-28,159306371.40062502,6.269253064429881,27056660.069701456,1.064772535861977,186363031.47032648,7.334025600291858,26512973.09375,1.0433765853415642,3007850.120134228,0.11836923669283518,29520823.213884227,1.1617458220343995,6.008619660922859,8.995348501106175,6.312934775568056
2022-03-31,158682707.4865625,6.196726689712685,26806005.89302361,1.046802734796804,185488713.3795861,7.2435294245094894,26452988.404374998,1.033017030428044,3007850.120134228,0.11745971198323323,29460838.524509225,1.1504767424112772,5.998668470301009,8.912015167772845,6.296111131571265
2022-04-30,157928522.39828125,6.1198869043882995,26794102.92077667,1.0382980673127478,184722625.3190579,7.158184971701047,26417194.67875,1.0236924990499239,2992572.738486122,0.1159651621795327,29409767.417236123,1.1396576612294567,5.978247286238875,8.953534387381751,6.280995789541603
2022-05-31,163532251.06796873,6.299327563392117,26544721.859236155,1.0225132778302222,190076972.92720488,7.321840841222339,26808344.823750004,1.0326681396135104,2992572.738486122,0.11527509597581675,29800917.562236127,1.1479432355893273,6.1000502695374355,8.870201054048417,6.378225520413888
2022-06-30,162723866.28203124,6.230888566498958,26295340.797695644,1.0068795811708646,189019207.07972687,7.237768147669823,26867400.28125,1.0287844128152792,2992572.738486122,0.11458913610331713,29859973.019736122,1.1433735489185963,6.0565542098835525,8.786867720715083,6.330186800731318
2022-07-31,161877233.1611979,6.161585162292977,26697118.04236976,1.0161809860071145,188574351.20356765,7.177766148300091,27051645.9625,1.029675496196313,2988749.1885984773,0.11376172111828352,30040395.151098475,1.1434372173145966,5.98400679151273,8.932538783854564,6.277359210991341
2022-08-31,166697644.4622396,6.30828206158805,26448055.609986562,1.000864741110091,193145700.07222617,7.309146802698141,27561508.35125,1.0430007531503167,2986706.753077593,0.1130249242239961,30548215.104327593,1.1560256773743127,6.048204704104278,8.855256908879214,6.322650911439481
2022-09-30,165787433.05692708,6.23746620787371,26199163.380563427,0.9856983321812685,191986596.43749052,7.223164540054978,27650420.441250004,1.0402993758675072,2986706.753077593,0.11236968991945738,30637127.194327597,1.1526690657869645,5.995837691118749,8.77192357554588,6.266468628724317
2022-10-31,164784879.2778646,6.163805337913749,26188668.607965846,0.9795914289346922,190973547.88583046,7.143396766848442,27715783.609375,1.0367134151177917,3032904.7868095418,0.11344629917650458,30748688.39618454,1.1501597142942963,5.945524817206515,8.634846936792554,6.210786796015906
2022-11-30,169594386.40427086,6.310048395413235,25935926.542398386,0.9649903816527214,195530312.94666925,7.275038777065956,28290462.155625,1.0525948948868327,3032904.7868095418,0.11284439531995456,31323366.942434542,1.1654392902067872,5.99475489199636,8.551513603459222,6.242314668982136
2022-12-31,168885442.17921877,6.250332096302895,25683184.476830926,0.9505166946269661,194568626.6560497,7.200848790929861,28594388.669999998,1.0582583257152567,3032904.7868095418,0.1122456849413334,31627293.45680954,1.17050401065659,5.906244198058555,8.468180270125888,6.1519215016534385
2023-01-31,167930293.79984376,6.1820083367269545,26089180.097502477,0.9604195003277086,194019473.89734623,7.142427837054663,28882263.518124998,1.0632411211368917,3029498.3623147807,0.11152475058641298,31911761.880439777,1.1747658717233047,5.81430515978983,8.61171619104895,6.079873453062769
2023-02-28,172719504.60208333,6.335888246186536,27160894.396546524,0.9963460233368291,199880398.99862984,7.332234269523365,29212765.809374996,1.0716150440370498,3077138.70859035,0.1128790116701623,32289904.517965347,1.1844940557072121,5.912466684227961,8.826672103120448,6.190182410958232
2023-03-31,171706179.42421874,6.276501485861194,26904466.170830663,0.9834586178772243,198610645.5950494,7.259960103738418,29349584.753124997,1.0728368246857358,3077138.70859035,0.1124809004628297,32426723.461715348,1.1853177251485656,5.850378493206325,8.743338769787115,6.124906385609367
2023-04-30,170719415.59687498,6.218422306585631,26880251.01035884,0.9791080405531571,197599666.60723382,7.197530347138788,29565962.371250004,1.0769345670629034,3053397.692663242,0.11121943134909468,32619360.063913245,1.188153998411998,5.774187677478845,8.803390097184911,6.057741973480285
2023-05-31,175193976.7457292,6.34208123169092,26625801.202636905,0.9638630118606146,201819777.9483661,7.305944243551535,30162461.127500005,1.0918912977011805,3053397.692663242,0.11053402953249633,33215858.820163246,1.202425327233677,5.8083448829047875,8.720056763851577,6.076006616028067
2023-06-30,174093027.23208335,6.263388332091359,26371351.394914966,0.9487686971414321,200464378.6269983,7.212157029232791,30522917.2325,1.098130618411115,3053397.692663242,0.10985285157898145,33576314.92516325,1.2079834699900964,5.703682446405013,8.636723430518243,5.970410364383478
2023-07-31,172888174.21270835,6.18170935607277,26736589.31677068,0.9559810847768653,199624763.52947903,7.137690440849635,30761316.949375004,1.09988737897779,3044079.047855274,0.10884267831760598,33805395.99723028,1.208730057295396,5.620311201150347,8.78314554137749,5.905115371103316
2023-08-31,178222466.60807288,6.347626287382075,26482916.062782742,0.9432236988186662,204705382.6708556,7.29084998620074,31305143.00375,1.114973619447468,3041807.5097771706,0.1083379535571032,34346950.51352717,1.2233115730045712,5.693073070668415,8.70630898821167,5.9599288906371655
2023-09-30,176979499.69109374,6.278811844658732,26229432.10363464,0.9305578852829189,203208931.7947284,7.209369729941652,31201703.171875,1.1069622402088506,3041807.5097771706,0.10791609793731331,34243510.68165217,1.2148783381461639,5.672110227964153,8.622975654878337,5.934231851514239
2023-10-31,175587228.9684375,6.205160749858366,26222844.20095528,0.926701586108337,201810073.16939276,7.131862335966703,30278674.555000003,1.07003250754754,3089984.4061361244,0.1091984312713134,33368658.96113613,1.1792309388188535,5.7990394741186675,8.486400173697211,6.047892826752111
2023-11-30,178466515.45656252,6.282797012785722,25965345.500443935,0.914093014752923,204431860.95700645,7.196890027538645,29102411.713749997,1.0245313800868812,3089984.4061361244,0.10878088108999738,32192396.119886123,1.1333122611768784,6.13236171668352,8.403066840363877,6.350315155035115
2023-12-31,176427368.29239586,6.187260667309218,25707846.799932595,0.9015673185286057,202135215.09232846,7.088827985837824,27654414.808124997,0.9698329384825956,3089984.4061361244,0.10836492752643352,30744399.214261122,1.078197866009029,6.379718013073293,8.319733507030545,6.5747004416520145
